canonical_entity,score,rising,seeds,source
ai mode,86850.0,1,1,google_trends
ejerciciosdememoria,57500.0,1,1,google_trends
humanize ai,49700.0,1,1,google_trends
nano banana ia,32000.0,1,1,google_trends
google ai studio,24900.0,1,1,google_trends
memoria rosalia letra,17150.0,1,1,google_trends
nano banana,14400.0,1,1,google_trends
tu rostro siempre en mi memoria,12650.0,1,1,google_trends
memória,11800.0,1,1,google_trends
google modo ia,6650.0,1,1,google_trends
banana ia,5050.0,1,1,google_trends
proxus ia,4650.0,1,1,google_trends
modo ia,4050.0,1,1,google_trends
rosalia memoria,4050.0,1,1,google_trends
astra ia,3750.0,1,1,google_trends
nanobanana,3600.0,1,1,google_trends
astra ai,2950.0,1,1,google_trends
alex ia legal,2700.0,1,1,google_trends
consolidación de la memoria,1200.0,1,1,google_trends
codex chatgpt,1050.0,1,1,google_trends
preservar la memoria arc raiders,850.0,1,1,google_trends
sede electrónica del ministerio de política territorial y memoria democrática,850.0,1,1,google_trends
mode ia,600.0,1,1,google_trends
en algun lugar de la memoria,550.0,1,1,google_trends
memoria ram ddr5 16gb,400.0,1,1,google_trends
memoria ram ddr5 32gb,400.0,1,1,google_trends
claude,350.0,1,1,google_trends
memoria de un asesino serie,350.0,1,1,google_trends
claude ia,300.0,1,1,google_trends
command prompt,300.0,1,1,google_trends
kimi ia,300.0,1,1,google_trends
maite ia,300.0,1,1,google_trends
perplexity,300.0,1,1,google_trends
alex ia,250.0,1,1,google_trends
chatgpt business,250.0,1,1,google_trends
free,250.0,1,1,google_trends
cual es la mejor ia,200.0,1,1,google_trends
flow ia,200.0,1,1,google_trends
memoria ram ddr5,200.0,1,1,google_trends
oreate ia,190.0,1,1,google_trends
ia studio google,180.0,1,1,google_trends
notebook ia,180.0,1,1,google_trends
ddr5 sdram,150.0,1,1,google_trends
ministerio de política territorial y memoria democrática,140.0,1,1,google_trends
gemini ia,130.0,1,1,google_trends
gemini,120.0,1,1,google_trends
geminis ia gratis,120.0,1,1,google_trends
chatgpt plus,110.0,1,1,google_trends
ejercicios de memoria con soluciones,110.0,1,1,google_trends
gafas ia,110.0,1,1,google_trends
grok,110.0,1,1,google_trends
grok ai,100.0,1,1,google_trends
memoria ram ddr4 16gb,100.0,1,1,google_trends
sora chatgpt,100.0,1,1,google_trends
memoria ram ddr4 32gb,90.0,1,1,google_trends
precio memoria ram,90.0,1,1,google_trends
32 gb,80.0,1,1,google_trends
corsair,80.0,1,1,google_trends
chatgpt openai,70.0,1,1,google_trends
memoria de españa,70.0,1,1,google_trends
chatgpt app,60.0,1,1,google_trends
coolmod,60.0,1,1,google_trends
memoria ram ddr4,50.0,1,1,google_trends
openai,40.0,1,1,google_trends
artificial intelligence,100.0,0,1,google_trends
chatgpt,100.0,0,1,google_trends
chatgpt gratis,100.0,0,1,google_trends
la ia,100.0,0,1,google_trends
la memoria,100.0,0,1,google_trends
ia gratis,59.0,0,1,google_trends
chatgpt gpt,51.0,0,1,google_trends
ia chatgpt,51.0,0,2,google_trends
chatgpt ai,47.0,0,1,google_trends
chatgpt español,47.0,0,1,google_trends
google ia,46.0,0,1,google_trends
ia detector,46.0,0,1,google_trends
computer data storage,42.0,0,1,google_trends
chatgpt españa,41.0,0,1,google_trends
detector de ia,37.0,0,1,google_trends
ai,36.0,0,1,google_trends
chatgpt online,32.0,0,1,google_trends
ia imagenes,31.0,0,1,google_trends
memoria ram,29.0,0,1,google_trends
ram,28.0,0,1,google_trends
ia chat,25.0,0,1,google_trends
ia video,25.0,0,1,google_trends
chat ia,24.0,0,1,google_trends
ia fotos,23.0,0,1,google_trends
ia videos,23.0,0,1,google_trends
mejor ia,22.0,0,1,google_trends
chatgpt login,20.0,0,1,google_trends
imagen ia,20.0,0,1,google_trends
chatgpt free,19.0,0,1,google_trends
ia de google,18.0,0,1,google_trends
ia gpt,18.0,0,1,google_trends
random-access memory,18.0,0,1,google_trends
chat gpt ia,15.0,0,1,google_trends
ia de imagenes,15.0,0,1,google_trends
tarjeta memoria,15.0,0,1,google_trends
que es la ia,14.0,0,1,google_trends
humanizador,13.0,0,1,google_trends
humanizador de ia,13.0,0,1,google_trends
humanizador ia,13.0,0,1,google_trends
que es la memoria,12.0,0,1,google_trends
tarjeta de memoria,12.0,0,1,google_trends
memory card,9.0,0,1,google_trends
image,8.0,0,1,google_trends
ejercicios memoria,7.0,0,1,google_trends
memoria juegos,7.0,0,1,google_trends
detector,6.0,0,1,google_trends
memoria usb,6.0,0,1,google_trends
usb,6.0,0,1,google_trends
computer,5.0,0,1,google_trends
ejercicios de memoria,5.0,0,1,google_trends
exercise,5.0,0,1,google_trends
juego de memoria,4.0,0,1,google_trends
juegos de memoria,4.0,0,1,google_trends
memoria de madrid,4.0,0,1,google_trends
memoria democrática,4.0,0,1,google_trends
memoria externa,4.0,0,1,google_trends
memoria sd,4.0,0,1,google_trends
amnesia,3.0,0,1,google_trends
central processing unit,3.0,0,1,google_trends
disco duro,3.0,0,1,google_trends
hard disk drive,3.0,0,1,google_trends
historical culture,3.0,0,1,google_trends
memoria de trabajo,3.0,0,1,google_trends
memoria democratica,3.0,0,1,google_trends
memoria historica,3.0,0,1,google_trends
memoria ssd,3.0,0,1,google_trends
memory,3.0,0,1,google_trends
perdida de memoria,3.0,0,1,google_trends
ssd,3.0,0,1,google_trends
text,3.0,0,1,google_trends
usb flash drive,3.0,0,1,google_trends
electric generator,2.0,0,1,google_trends
human voice,1.0,0,1,google_trends
intelligence,1.0,0,1,google_trends
